{
  "epoch_elapsed_ms": 27.11,
  "qvm_elapsed_ms": 60.46,
  "total_gates": 56,
  "total_measures": 16,
  "num_samples": 10,
  "qubits_per_sample": 4,
  "total_qubits": 16,
  "lr": 0.05,
  "loss_per_sample": [
    0.344427,
    0.402729,
    0.344207,
    0.34313,
    0.342406,
    0.269381,
    0.324664,
    0.28383,
    0.266785,
    0.194187
  ],
  "epoch_mean_loss": 0.311575,
  "accuracy": 0.0,
  "correct": 0,
  "samples": {
    "0": {
      "sample_id": 0,
      "input_bits": "0000",
      "target": [
        0,
        1,
        0,
        0
      ],
      "prediction": [
        0,
        0,
        1,
        1
      ],
      "probabilities": [
        0.3863,
        0.3503,
        0.6499,
        0.6196
      ],
      "loss": 0.344427,
      "gradient": [
        -0.018888,
        0.002905,
        -0.00163,
        -0.02803,
        -0.018886,
        0.002901,
        -0.001635,
        -0.028033
      ],
      "param_delta": [
        0.000944,
        -0.000145,
        8.1e-05,
        0.001401,
        0.000944,
        -0.000145,
        8.2e-05,
        0.001402
      ],
      "params_after": [
        0.814328,
        1.475753,
        0.740586,
        1.51694,
        3.189931,
        3.176888,
        0.864016,
        0.704288
      ]
    },
    "1": {
      "sample_id": 1,
      "input_bits": "0001",
      "target": [
        1,
        1,
        0,
        0
      ],
      "prediction": [
        0,
        0,
        1,
        1
      ],
      "probabilities": [
        0.3813,
        0.3503,
        0.6499,
        0.6194
      ],
      "loss": 0.402729,
      "gradient": [
        0.02838,
        0.00291,
        -0.001647,
        -0.028129,
        0.028377,
        0.002905,
        -0.001652,
        -0.028132
      ],
      "param_delta": [
        -0.001419,
        -0.000145,
        8.2e-05,
        0.001406,
        -0.001419,
        -0.000145,
        8.3e-05,
        0.001407
      ],
      "params_after": [
        0.813009,
        1.475708,
        0.740768,
        1.518446,
        3.188612,
        3.176842,
        0.864198,
        0.705794
      ]
    },
    "2": {
      "sample_id": 2,
      "input_bits": "0110",
      "target": [
        0,
        1,
        0,
        0
      ],
      "prediction": [
        0,
        0,
        1,
        1
      ],
      "probabilities": [
        0.3863,
        0.35,
        0.6495,
        0.6191
      ],
      "loss": 0.344207,
      "gradient": [
        -0.018903,
        0.00048,
        -0.004095,
        -0.028227,
        -0.0189,
        0.000475,
        -0.0041,
        -0.028231
      ],
      "param_delta": [
        0.000945,
        -2.4e-05,
        0.000205,
        0.001411,
        0.000945,
        -2.4e-05,
        0.000205,
        0.001412
      ],
      "params_after": [
        0.814054,
        1.475784,
        0.741073,
        1.519958,
        3.189657,
        3.176919,
        0.864503,
        0.707306
      ]
    },
    "3": {
      "sample_id": 3,
      "input_bits": "0001",
      "target": [
        1,
        1,
        0,
        1
      ],
      "prediction": [
        0,
        0,
        1,
        1
      ],
      "probabilities": [
        0.3814,
        0.3503,
        0.6499,
        0.6188
      ],
      "loss": 0.34313,
      "gradient": [
        0.028398,
        0.002907,
        -0.001695,
        0.017448,
        0.028395,
        0.002902,
        -0.0017,
        0.017451
      ],
      "param_delta": [
        -0.00142,
        -0.000145,
        8.5e-05,
        -0.000872,
        -0.00142,
        -0.000145,
        8.5e-05,
        -0.000873
      ],
      "params_after": [
        0.812734,
        1.475738,
        0.741257,
        1.519185,
        3.188338,
        3.176873,
        0.864688,
        0.706533
      ]
    },
    "4": {
      "sample_id": 4,
      "input_bits": "1110",
      "target": [
        1,
        1,
        0,
        1
      ],
      "prediction": [
        0,
        0,
        1,
        1
      ],
      "probabilities": [
        0.3864,
        0.35,
        0.6495,
        0.6142
      ],
      "loss": 0.342406,
      "gradient": [
        0.030045,
        0.000477,
        -0.004143,
        0.018747,
        0.030042,
        0.000472,
        -0.004147,
        0.018749
      ],
      "param_delta": [
        -0.001502,
        -2.4e-05,
        0.000207,
        -0.000937,
        -0.001502,
        -2.4e-05,
        0.000207,
        -0.000937
      ],
      "params_after": [
        0.811332,
        1.475815,
        0.741565,
        1.518348,
        3.186936,
        3.17695,
        0.864996,
        0.705696
      ]
    },
    "5": {
      "sample_id": 5,
      "input_bits": "0000",
      "target": [
        0,
        1,
        1,
        0
      ],
      "prediction": [
        0,
        0,
        1,
        1
      ],
      "probabilities": [
        0.3866,
        0.3503,
        0.6499,
        0.6191
      ],
      "loss": 0.269381,
      "gradient": [
        -0.018993,
        0.002904,
        0.000939,
        -0.028221,
        -0.01899,
        0.002899,
        0.000941,
        -0.028224
      ],
      "param_delta": [
        0.00095,
        -0.000145,
        -4.7e-05,
        0.001411,
        0.00095,
        -0.000145,
        -4.7e-05,
        0.001411
      ],
      "params_after": [
        0.812382,
        1.475769,
        0.741618,
        1.519859,
        3.187985,
        3.176905,
        0.865049,
        0.707207
      ]
    },
    "6": {
      "sample_id": 6,
      "input_bits": "1000",
      "target": [
        1,
        0,
        0,
        0
      ],
      "prediction": [
        0,
        0,
        1,
        1
      ],
      "probabilities": [
        0.3864,
        0.3503,
        0.6499,
        0.6141
      ],
      "loss": 0.324664,
      "gradient": [
        0.030066,
        -0.001568,
        -0.001748,
        -0.029892,
        0.030063,
        -0.001565,
        -0.001753,
        -0.029895
      ],
      "param_delta": [
        -0.001503,
        7.8e-05,
        8.7e-05,
        0.001495,
        -0.001503,
        7.8e-05,
        8.8e-05,
        0.001495
      ],
      "params_after": [
        0.810978,
        1.475948,
        0.741805,
        1.521454,
        3.186582,
        3.177083,
        0.865236,
        0.708802
      ]
    },
    "7": {
      "sample_id": 7,
      "input_bits": "0101",
      "target": [
        0,
        1,
        0,
        1
      ],
      "prediction": [
        0,
        0,
        1,
        1
      ],
      "probabilities": [
        0.3819,
        0.3503,
        0.6494,
        0.6185
      ],
      "loss": 0.28383,
      "gradient": [
        -0.017672,
        0.002891,
        -0.004196,
        0.017528,
        -0.01767,
        0.002886,
        -0.0042,
        0.017531
      ],
      "param_delta": [
        0.000884,
        -0.000145,
        0.00021,
        -0.000876,
        0.000883,
        -0.000144,
        0.00021,
        -0.000877
      ],
      "params_after": [
        0.811962,
        1.475903,
        0.742115,
        1.520677,
        3.187565,
        3.177039,
        0.865546,
        0.708025
      ]
    },
    "8": {
      "sample_id": 8,
      "input_bits": "1101",
      "target": [
        0,
        0,
        0,
        0
      ],
      "prediction": [
        0,
        0,
        1,
        1
      ],
      "probabilities": [
        0.3818,
        0.3503,
        0.6494,
        0.614
      ],
      "loss": 0.266785,
      "gradient": [
        -0.01762,
        -0.001561,
        -0.004226,
        -0.029942,
        -0.017617,
        -0.001558,
        -0.00423,
        -0.029945
      ],
      "param_delta": [
        0.000881,
        7.8e-05,
        0.000211,
        0.001497,
        0.000881,
        7.8e-05,
        0.000212,
        0.001497
      ],